{"stats":{"minecraft:used":{"nether_star_generator:nether_star_generator":9},"minecraft:custom":{"minecraft:jump":6,"minecraft:time_since_rest":1601,"minecraft:sprint_one_cm":213,"minecraft:leave_game":5,"minecraft:play_time":1601,"minecraft:time_since_death":1601,"minecraft:walk_one_cm":2284,"minecraft:total_world_time":1978},"minecraft:picked_up":{"nether_star_generator:nether_star_generator":1,"minecraft:coal":128},"minecraft:mined":{"nether_star_generator:nether_star_generator":1}},"DataVersion":3465}