{
  "parent": "block/cube",
  "textures": {
    "down": "nether_star_generator:block/nether_star_generator_top",
    "up": "nether_star_generator:block/nether_star_generator_top",
    "north": "nether_star_generator:block/nether_star_generator_tier2_front",
    "east": "nether_star_generator:block/nether_star_generator_tier2_side",
    "south": "nether_star_generator:block/nether_star_generator_tier2_side",
    "west": "nether_star_generator:block/nether_star_generator_tier2_side",
    "particle": "nether_star_generator:block/nether_star_generator_top"
  },
  "render_type": "solid"
}