{
  "_fv": 47,
  "_type": "recipe",
  "definition": {
    "recipeType": "Crafting",
    "recipeRetstackSize": 1,
    "group": "",
    "cookingBookCategory": "MISC",
    "xpReward": 0.0,
    "cookingTime": 200,
    "craftingBookCategory": "MISC",
    "recipeShapeless": false,
    "recipeSlots": [
      {
        "value": "Blocks.SKULL#1"
      },
      {
        "value": "Blocks.SKULL#1"
      },
      {
        "value": "Blocks.SKULL#1"
      },
      {
        "value": "Blocks.SKULL#1"
      },
      {
        "value": "Blocks.BLAST_FURNACE"
      },
      {
        "value": "Blocks.SKULL#1"
      },
      {
        "value": "Items.NETHERITE_INGOT"
      },
      {
        "value": "Items.BLAZE_POWDER"
      },
      {
        "value": "Items.NETHERITE_INGOT"
      }
    ],
    "recipeReturnStack": {
      "value": "CUSTOM:NetherStarGenerator"
    },
    "name": "nether_star_generator_tier_1_craft",
    "namespace": "mod"
  }
}