{
  "_fv": 47,
  "_type": "gui",
  "definition": {
    "type": 1,
    "width": 176,
    "height": 166,
    "inventoryOffsetX": 0,
    "inventoryOffsetY": 0,
    "renderBgLayer": true,
    "doesPauseGame": false,
    "components": [
      {
        "type": "label",
        "data": {
          "name": "label_nether_star_generator",
          "text": {
            "fixedValue": "Nether Star Generator Tier II"
          },
          "color": {
            "value": -12829636,
            "falpha": 0.0
          },
          "x": 132,
          "y": 44
        }
      },
      {
        "type": "inputslot",
        "data": {
          "inputLimit": {
            "value": "Items.NETHER_STAR"
          },
          "disablePlacement": {
            "fixedValue": false
          },
          "id": 0,
          "disablePickup": {
            "fixedValue": false
          },
          "dropItemsWhenNotBound": true,
          "x": 150,
          "y": 71
        }
      },
      {
        "type": "label",
        "data": {
          "name": "label_generate_40_000_fetick",
          "text": {
            "fixedValue": "Generate :"
          },
          "color": {
            "value": -12829636,
            "falpha": 0.0
          },
          "x": 177,
          "y": 62
        }
      },
      {
        "type": "label",
        "data": {
          "name": "label_40_000_fetick",
          "text": {
            "fixedValue": "720 000 FE/tick"
          },
          "color": {
            "value": -12829636,
            "falpha": 0.0
          },
          "x": 177,
          "y": 71
        }
      },
      {
        "type": "label",
        "data": {
          "name": "label_consumption",
          "text": {
            "fixedValue": "Consumption :"
          },
          "color": {
            "value": -12829636,
            "falpha": 0.0
          },
          "x": 177,
          "y": 80
        }
      },
      {
        "type": "label",
        "data": {
          "name": "label_1_nether_star_each_120_s",
          "text": {
            "fixedValue": "every 15 seconds"
          },
          "color": {
            "value": -12829636,
            "falpha": 0.0
          },
          "x": 177,
          "y": 89
        }
      }
    ],
    "gridSettings": {
      "sx": 18,
      "sy": 18,
      "ox": 11,
      "oy": 15,
      "snapOnGrid": true
    }
  }
}