{
  "_fv": 47,
  "_type": "recipe",
  "definition": {
    "recipeType": "Crafting",
    "recipeRetstackSize": 1,
    "group": "",
    "cookingBookCategory": "MISC",
    "xpReward": 0.0,
    "cookingTime": 200,
    "craftingBookCategory": "MISC",
    "recipeShapeless": false,
    "recipeSlots": [
      {
        "value": "CUSTOM:NetherStarGenerator"
      },
      {
        "value": "CUSTOM:NetherStarGenerator"
      },
      {
        "value": "CUSTOM:NetherStarGenerator"
      },
      {
        "value": "CUSTOM:NetherStarGenerator"
      },
      {
        "value": "Items.NETHER_STAR"
      },
      {
        "value": "CUSTOM:NetherStarGenerator"
      },
      {
        "value": "CUSTOM:NetherStarGenerator"
      },
      {
        "value": "CUSTOM:NetherStarGenerator"
      },
      {
        "value": "CUSTOM:NetherStarGenerator"
      }
    ],
    "recipeReturnStack": {
      "value": "CUSTOM:Netherstargeneratortier2"
    },
    "name": "nether_star_generator_tier_2_craft",
    "namespace": "mod"
  }
}