{
  "type": "minecraft:crafting_shaped",
  "category": "misc",
  "pattern": [
    "012",
    "345",
    "678"
  ],
  "key": {
    "0": {
      "item": "minecraft:wither_skeleton_skull"
    },
    "1": {
      "item": "minecraft:wither_skeleton_skull"
    },
    "2": {
      "item": "minecraft:wither_skeleton_skull"
    },
    "3": {
      "item": "minecraft:wither_skeleton_skull"
    },
    "4": {
      "item": "minecraft:blast_furnace"
    },
    "5": {
      "item": "minecraft:wither_skeleton_skull"
    },
    "6": {
      "item": "minecraft:netherite_ingot"
    },
    "7": {
      "item": "minecraft:blaze_powder"
    },
    "8": {
      "item": "minecraft:netherite_ingot"
    }
  },
  "result": {
    "item": "nether_star_generator:nether_star_generator_tier1",
    "count": 1
  }
}